55984391,100009425,01/01/2024 12:00:00 AM,0,0
55984392,100009425,01/01/2024 12:15:00 AM,0,0
55984393,100009425,01/01/2024 12:30:00 AM,0,0
55984394,100009425,01/01/2024 12:45:00 AM,0,0
55984395,100009425,01/01/2024 01:00:00 AM,0,0
55984396,100009425,01/01/2024 01:15:00 AM,0,0
55984397,100009425,01/01/2024 01:30:00 AM,0,0
55984398,100009425,01/01/2024 01:45:00 AM,0,0
55984399,100009425,01/01/2024 02:00:00 AM,0,0
55984400,100009425,01/01/2024 02:15:00 AM,0,0
55984401,100009425,01/01/2024 02:30:00 AM,0,0
55984402,100009425,01/01/2024 02:45:00 AM,0,0
55984403,100009425,01/01/2024 03:00:00 AM,0,0
55984404,100009425,01/01/2024 03:15:00 AM,0,0
55984405,100009425,01/01/2024 03:30:00 AM,0,0
55984406,100009425,01/01/2024 03:45:00 AM,0,0
55984407,100009425,01/01/2024 04:00:00 AM,0,0
55984408,100009425,01/01/2024 04:15:00 AM,0,0
55984409,100009425,01/01/2024 04:30:00 AM,0,0
55984410,100009425,01/01/2024 04:45:00 AM,0,0
55984411,100009425,01/01/2024 05:00:00 AM,0,0
55984412,100009425,01/01/2024 05:15:00 AM,0,0
55984413,100009425,01/01/2024 05:30:00 AM,0,0
55984414,100009425,01/01/2024 05:45:00 AM,0,0
55984415,100009425,01/01/2024 06:00:00 AM,0,0
55984416,100009425,01/01/2024 06:15:00 AM,0,0
55984417,100009425,01/01/2024 06:30:00 AM,0,0
55984418,100009425,01/01/2024 06:45:00 AM,0,0
55984419,100009425,01/01/2024 07:00:00 AM,0,0
55984420,100009425,01/01/2024 07:15:00 AM,0,0
55984421,100009425,01/01/2024 07:30:00 AM,0,0
55984422,100009425,01/01/2024 07:45:00 AM,0,0
55984423,100009425,01/01/2024 08:00:00 AM,0,0
55984424,100009425,01/01/2024 08:15:00 AM,0,0
55984425,100009425,01/01/2024 08:30:00 AM,0,0
55984426,100009425,01/01/2024 08:45:00 AM,0,0
55984427,100009425,01/01/2024 09:00:00 AM,0,0
55984428,100009425,01/01/2024 09:15:00 AM,0,0
55984429,100009425,01/01/2024 09:30:00 AM,0,0
55984430,100009425,01/01/2024 09:45:00 AM,0,0
55984431,100009425,01/01/2024 10:00:00 AM,0,0
55984432,100009425,01/01/2024 10:15:00 AM,0,0
55984433,100009425,01/01/2024 10:30:00 AM,0,0
55984434,100009425,01/01/2024 10:45:00 AM,0,0
55984435,100009425,01/01/2024 11:00:00 AM,0,0
55984436,100009425,01/01/2024 11:15:00 AM,0,0
55984437,100009425,01/01/2024 11:30:00 AM,0,0
55984438,100009425,01/01/2024 11:45:00 AM,0,0
55984439,100009425,01/01/2024 12:00:00 PM,0,0
55984440,100009425,01/01/2024 12:15:00 PM,0,0
55984441,100009425,01/01/2024 12:30:00 PM,0,0
55984442,100009425,01/01/2024 12:45:00 PM,0,0
55984443,100009425,01/01/2024 01:00:00 PM,0,0
55984444,100009425,01/01/2024 01:15:00 PM,0,0
55984445,100009425,01/01/2024 01:30:00 PM,0,0
55984446,100009425,01/01/2024 01:45:00 PM,0,0
55984447,100009425,01/01/2024 02:00:00 PM,0,0
55984448,100009425,01/01/2024 02:15:00 PM,0,0
55984449,100009425,01/01/2024 02:30:00 PM,0,0
55984450,100009425,01/01/2024 02:45:00 PM,0,0
55984451,100009425,01/01/2024 03:00:00 PM,0,0
55984452,100009425,01/01/2024 03:15:00 PM,0,0
55984453,100009425,01/01/2024 03:30:00 PM,0,0
55984454,100009425,01/01/2024 03:45:00 PM,0,0
55984455,100009425,01/01/2024 04:00:00 PM,0,0
55984456,100009425,01/01/2024 04:15:00 PM,0,0
55984457,100009425,01/01/2024 04:30:00 PM,0,0
55984458,100009425,01/01/2024 04:45:00 PM,0,0
55984459,100009425,01/01/2024 05:00:00 PM,0,0
55984460,100009425,01/01/2024 05:15:00 PM,0,0
55984461,100009425,01/01/2024 05:30:00 PM,0,0
55984462,100009425,01/01/2024 05:45:00 PM,0,0
55984463,100009425,01/01/2024 06:00:00 PM,0,0
55984464,100009425,01/01/2024 06:15:00 PM,0,0
55984465,100009425,01/01/2024 06:30:00 PM,0,0
55984466,100009425,01/01/2024 06:45:00 PM,0,0
55984467,100009425,01/01/2024 07:00:00 PM,0,0
55984468,100009425,01/01/2024 07:15:00 PM,0,0
55984469,100009425,01/01/2024 07:30:00 PM,0,0
55984470,100009425,01/01/2024 07:45:00 PM,0,0
55984471,100009425,01/01/2024 08:00:00 PM,0,0
55984472,100009425,01/01/2024 08:15:00 PM,0,0
55984473,100009425,01/01/2024 08:30:00 PM,0,0
55984474,100009425,01/01/2024 08:45:00 PM,0,0
55984475,100009425,01/01/2024 09:00:00 PM,0,0
55984476,100009425,01/01/2024 09:15:00 PM,0,0
55984477,100009425,01/01/2024 09:30:00 PM,0,0
55984478,100009425,01/01/2024 09:45:00 PM,0,0
55984479,100009425,01/01/2024 10:00:00 PM,0,0
55984480,100009425,01/01/2024 10:15:00 PM,0,0
55984481,100009425,01/01/2024 10:30:00 PM,0,0
55984482,100009425,01/01/2024 10:45:00 PM,0,0
55984483,100009425,01/01/2024 11:00:00 PM,0,0
55984484,100009425,01/01/2024 11:15:00 PM,0,0
55984485,100009425,01/01/2024 11:30:00 PM,0,0
55984486,100009425,01/01/2024 11:45:00 PM,0,0
55984497,100009426,01/01/2024 12:00:00 AM,0,0
55984498,100009426,01/01/2024 12:15:00 AM,2,0
55984499,100009426,01/01/2024 12:30:00 AM,0,0
55984500,100009426,01/01/2024 12:45:00 AM,1,0
55984501,100009426,01/01/2024 01:00:00 AM,1,0
55984502,100009426,01/01/2024 01:15:00 AM,1,0
55984503,100009426,01/01/2024 01:30:00 AM,1,0
55984504,100009426,01/01/2024 01:45:00 AM,1,0
55984505,100009426,01/01/2024 02:00:00 AM,2,0
55984506,100009426,01/01/2024 02:15:00 AM,0,0
55984507,100009426,01/01/2024 02:30:00 AM,0,0
55984508,100009426,01/01/2024 02:45:00 AM,7,0
55984509,100009426,01/01/2024 03:00:00 AM,3,0
55984510,100009426,01/01/2024 03:15:00 AM,0,0
55984511,100009426,01/01/2024 03:30:00 AM,2,0
55984512,100009426,01/01/2024 03:45:00 AM,2,0
55984513,100009426,01/01/2024 04:00:00 AM,0,0
55984514,100009426,01/01/2024 04:15:00 AM,0,0
55984515,100009426,01/01/2024 04:30:00 AM,0,0
55984516,100009426,01/01/2024 04:45:00 AM,0,0
55984517,100009426,01/01/2024 05:00:00 AM,0,0
55984518,100009426,01/01/2024 05:15:00 AM,0,0
55984519,100009426,01/01/2024 05:30:00 AM,0,0
55984520,100009426,01/01/2024 05:45:00 AM,0,0
55984521,100009426,01/01/2024 06:00:00 AM,0,0
55984522,100009426,01/01/2024 06:15:00 AM,0,0
55984523,100009426,01/01/2024 06:30:00 AM,0,0
55984524,100009426,01/01/2024 06:45:00 AM,0,0
55984525,100009426,01/01/2024 07:00:00 AM,0,0
55984526,100009426,01/01/2024 07:15:00 AM,0,0
55984527,100009426,01/01/2024 07:30:00 AM,2,0
55984528,100009426,01/01/2024 07:45:00 AM,0,0
55984529,100009426,01/01/2024 08:00:00 AM,1,0
55984530,100009426,01/01/2024 08:15:00 AM,1,0
55984531,100009426,01/01/2024 08:30:00 AM,0,0
55984532,100009426,01/01/2024 08:45:00 AM,0,0
55984533,100009426,01/01/2024 09:00:00 AM,1,0
55984534,100009426,01/01/2024 09:15:00 AM,1,0
55984535,100009426,01/01/2024 09:30:00 AM,1,0
55984536,100009426,01/01/2024 09:45:00 AM,1,0
55984537,100009426,01/01/2024 10:00:00 AM,2,0
55984538,100009426,01/01/2024 10:15:00 AM,6,0
55984539,100009426,01/01/2024 10:30:00 AM,0,0
55984540,100009426,01/01/2024 10:45:00 AM,3,0
55984541,100009426,01/01/2024 11:00:00 AM,1,0
55984542,100009426,01/01/2024 11:15:00 AM,1,0
55984543,100009426,01/01/2024 11:30:00 AM,0,0
55984544,100009426,01/01/2024 11:45:00 AM,3,0
55984545,100009426,01/01/2024 12:00:00 PM,1,0
55984546,100009426,01/01/2024 12:15:00 PM,0,0
55984547,100009426,01/01/2024 12:30:00 PM,1,0
55984548,100009426,01/01/2024 12:45:00 PM,0,0
55984549,100009426,01/01/2024 01:00:00 PM,5,0
55984550,100009426,01/01/2024 01:15:00 PM,0,0
55984551,100009426,01/01/2024 01:30:00 PM,4,0
55984552,100009426,01/01/2024 01:45:00 PM,1,0
55984553,100009426,01/01/2024 02:00:00 PM,0,0
55984554,100009426,01/01/2024 02:15:00 PM,2,0
55984555,100009426,01/01/2024 02:30:00 PM,0,0
55984556,100009426,01/01/2024 02:45:00 PM,0,0
55984557,100009426,01/01/2024 03:00:00 PM,0,0
55984558,100009426,01/01/2024 03:15:00 PM,1,0
55984559,100009426,01/01/2024 03:30:00 PM,0,0
55984560,100009426,01/01/2024 03:45:00 PM,1,0
55984561,100009426,01/01/2024 04:00:00 PM,5,0
55984562,100009426,01/01/2024 04:15:00 PM,1,0
55984563,100009426,01/01/2024 04:30:00 PM,0,0
55984564,100009426,01/01/2024 04:45:00 PM,1,0
55984565,100009426,01/01/2024 05:00:00 PM,3,0
55984566,100009426,01/01/2024 05:15:00 PM,3,0
55984567,100009426,01/01/2024 05:30:00 PM,1,0
55984568,100009426,01/01/2024 05:45:00 PM,0,0
55984569,100009426,01/01/2024 06:00:00 PM,3,0
55984570,100009426,01/01/2024 06:15:00 PM,0,0
55984571,100009426,01/01/2024 06:30:00 PM,0,0
55984572,100009426,01/01/2024 06:45:00 PM,0,0
55984573,100009426,01/01/2024 07:00:00 PM,0,0
55984574,100009426,01/01/2024 07:15:00 PM,0,0
55984575,100009426,01/01/2024 07:30:00 PM,2,0
55984576,100009426,01/01/2024 07:45:00 PM,1,0
55984577,100009426,01/01/2024 08:00:00 PM,0,0
55984578,100009426,01/01/2024 08:15:00 PM,0,0
55984579,100009426,01/01/2024 08:30:00 PM,0,0
55984580,100009426,01/01/2024 08:45:00 PM,0,0
55984581,100009426,01/01/2024 09:00:00 PM,2,0
55984582,100009426,01/01/2024 09:15:00 PM,1,0
55984583,100009426,01/01/2024 09:30:00 PM,0,0
55984584,100009426,01/01/2024 09:45:00 PM,2,0
55984585,100009426,01/01/2024 10:00:00 PM,2,0
55984586,100009426,01/01/2024 10:15:00 PM,3,0
55984587,100009426,01/01/2024 10:30:00 PM,1,0
55984588,100009426,01/01/2024 10:45:00 PM,2,0
55984589,100009426,01/01/2024 11:00:00 PM,0,0
55984590,100009426,01/01/2024 11:15:00 PM,0,0
55984591,100009426,01/01/2024 11:30:00 PM,1,0
55984592,100009426,01/01/2024 11:45:00 PM,0,0
55984596,100009427,01/01/2024 12:00:00 AM,11,0
55984597,100009427,01/01/2024 12:15:00 AM,24,0
55984598,100009427,01/01/2024 12:30:00 AM,33,0
55984599,100009427,01/01/2024 12:45:00 AM,33,0
55984600,100009427,01/01/2024 01:00:00 AM,22,0
55984601,100009427,01/01/2024 01:15:00 AM,39,0
55984602,100009427,01/01/2024 01:30:00 AM,21,0
55984603,100009427,01/01/2024 01:45:00 AM,26,0
55984604,100009427,01/01/2024 02:00:00 AM,32,0
55984605,100009427,01/01/2024 02:15:00 AM,18,0
55984606,100009427,01/01/2024 02:30:00 AM,25,0
55984607,100009427,01/01/2024 02:45:00 AM,24,0
55984608,100009427,01/01/2024 03:00:00 AM,19,0
55984609,100009427,01/01/2024 03:15:00 AM,14,0
55984610,100009427,01/01/2024 03:30:00 AM,23,0
55984611,100009427,01/01/2024 03:45:00 AM,7,0
55984612,100009427,01/01/2024 04:00:00 AM,17,0
55984613,100009427,01/01/2024 04:15:00 AM,18,0
55984614,100009427,01/01/2024 04:30:00 AM,6,0
55984615,100009427,01/01/2024 04:45:00 AM,13,0
55984616,100009427,01/01/2024 05:00:00 AM,7,0
55984617,100009427,01/01/2024 05:15:00 AM,7,0
55984618,100009427,01/01/2024 05:30:00 AM,9,0
55984619,100009427,01/01/2024 05:45:00 AM,6,0
55984620,100009427,01/01/2024 06:00:00 AM,8,0
55984621,100009427,01/01/2024 06:15:00 AM,11,0
55984622,100009427,01/01/2024 06:30:00 AM,9,0
55984623,100009427,01/01/2024 06:45:00 AM,7,0
55984624,100009427,01/01/2024 07:00:00 AM,6,0
55984625,100009427,01/01/2024 07:15:00 AM,4,0
55984626,100009427,01/01/2024 07:30:00 AM,12,0
55984627,100009427,01/01/2024 07:45:00 AM,13,0
55984628,100009427,01/01/2024 08:00:00 AM,10,0
55984629,100009427,01/01/2024 08:15:00 AM,13,0
55984630,100009427,01/01/2024 08:30:00 AM,14,0
55984631,100009427,01/01/2024 08:45:00 AM,18,0
55984632,100009427,01/01/2024 09:00:00 AM,18,0
55984633,100009427,01/01/2024 09:15:00 AM,11,0
55984634,100009427,01/01/2024 09:30:00 AM,13,0
55984635,100009427,01/01/2024 09:45:00 AM,22,0
55984636,100009427,01/01/2024 10:00:00 AM,13,0
55984637,100009427,01/01/2024 10:15:00 AM,30,0
55984638,100009427,01/01/2024 10:30:00 AM,26,0
55984639,100009427,01/01/2024 10:45:00 AM,27,0
55984640,100009427,01/01/2024 11:00:00 AM,20,0
55984641,100009427,01/01/2024 11:15:00 AM,41,0
55984642,100009427,01/01/2024 11:30:00 AM,27,0
55984643,100009427,01/01/2024 11:45:00 AM,40,0
55984644,100009427,01/01/2024 12:00:00 PM,37,0
55984645,100009427,01/01/2024 12:15:00 PM,23,0
55984646,100009427,01/01/2024 12:30:00 PM,25,0
55984647,100009427,01/01/2024 12:45:00 PM,38,0
55984648,100009427,01/01/2024 01:00:00 PM,39,0
55984649,100009427,01/01/2024 01:15:00 PM,37,0
55984650,100009427,01/01/2024 01:30:00 PM,35,0
55984651,100009427,01/01/2024 01:45:00 PM,47,0
55984652,100009427,01/01/2024 02:00:00 PM,41,0
55984653,100009427,01/01/2024 02:15:00 PM,49,0
55984654,100009427,01/01/2024 02:30:00 PM,43,0
55984655,100009427,01/01/2024 02:45:00 PM,43,0
55984656,100009427,01/01/2024 03:00:00 PM,42,0
55984657,100009427,01/01/2024 03:15:00 PM,49,0
55984658,100009427,01/01/2024 03:30:00 PM,50,0
55984659,100009427,01/01/2024 03:45:00 PM,59,0
55984660,100009427,01/01/2024 04:00:00 PM,33,0
55984661,100009427,01/01/2024 04:15:00 PM,53,0
55984662,100009427,01/01/2024 04:30:00 PM,34,0
55984663,100009427,01/01/2024 04:45:00 PM,57,0
55984664,100009427,01/01/2024 05:00:00 PM,44,0
55984665,100009427,01/01/2024 05:15:00 PM,55,0
55984666,100009427,01/01/2024 05:30:00 PM,38,0
55984667,100009427,01/01/2024 05:45:00 PM,37,0
55984668,100009427,01/01/2024 06:00:00 PM,22,0
55984669,100009427,01/01/2024 06:15:00 PM,36,0
55984670,100009427,01/01/2024 06:30:00 PM,34,0
55984671,100009427,01/01/2024 06:45:00 PM,24,0
55984672,100009427,01/01/2024 07:00:00 PM,27,0
55984673,100009427,01/01/2024 07:15:00 PM,12,0
55984674,100009427,01/01/2024 07:30:00 PM,22,0
55984675,100009427,01/01/2024 07:45:00 PM,16,0
55984676,100009427,01/01/2024 08:00:00 PM,10,0
55984677,100009427,01/01/2024 08:15:00 PM,16,0
55984678,100009427,01/01/2024 08:30:00 PM,36,0
55984679,100009427,01/01/2024 08:45:00 PM,17,0
55984680,100009427,01/01/2024 09:00:00 PM,29,0
55984681,100009427,01/01/2024 09:15:00 PM,31,0
55984682,100009427,01/01/2024 09:30:00 PM,28,0
55984683,100009427,01/01/2024 09:45:00 PM,17,0
55984684,100009427,01/01/2024 10:00:00 PM,18,0
55984685,100009427,01/01/2024 10:15:00 PM,18,0
55984686,100009427,01/01/2024 10:30:00 PM,16,0
55984687,100009427,01/01/2024 10:45:00 PM,19,0
55984688,100009427,01/01/2024 11:00:00 PM,19,0
55984689,100009427,01/01/2024 11:15:00 PM,18,0
55984690,100009427,01/01/2024 11:30:00 PM,9,0
55984691,100009427,01/01/2024 11:45:00 PM,8,0
55984719,100010017,01/01/2024 12:00:00 AM,2,0
55984720,100010017,01/01/2024 12:15:00 AM,0,0
55984721,100010017,01/01/2024 12:30:00 AM,2,0
55984722,100010017,01/01/2024 12:45:00 AM,1,0
55984723,100010017,01/01/2024 01:00:00 AM,1,0
55984724,100010017,01/01/2024 01:15:00 AM,0,0
55984725,100010017,01/01/2024 01:30:00 AM,2,0
55984726,100010017,01/01/2024 01:45:00 AM,0,0
55984727,100010017,01/01/2024 02:00:00 AM,3,0
55984728,100010017,01/01/2024 02:15:00 AM,0,0
55984729,100010017,01/01/2024 02:30:00 AM,1,0
55984730,100010017,01/01/2024 02:45:00 AM,2,0
55984731,100010017,01/01/2024 03:00:00 AM,0,0
55984732,100010017,01/01/2024 03:15:00 AM,0,0
55984733,100010017,01/01/2024 03:30:00 AM,0,0
55984734,100010017,01/01/2024 03:45:00 AM,1,0
55984735,100010017,01/01/2024 04:00:00 AM,0,0
55984736,100010017,01/01/2024 04:15:00 AM,0,0
55984737,100010017,01/01/2024 04:30:00 AM,0,0
55984738,100010017,01/01/2024 04:45:00 AM,2,0
55984739,100010017,01/01/2024 05:00:00 AM,2,0
55984740,100010017,01/01/2024 05:15:00 AM,0,0
55984741,100010017,01/01/2024 05:30:00 AM,0,0
55984742,100010017,01/01/2024 05:45:00 AM,8,0
55984743,100010017,01/01/2024 06:00:00 AM,0,0
55984744,100010017,01/01/2024 06:15:00 AM,2,0
55984745,100010017,01/01/2024 06:30:00 AM,0,0
55984746,100010017,01/01/2024 06:45:00 AM,7,0
55984747,100010017,01/01/2024 07:00:00 AM,0,0
55984748,100010017,01/01/2024 07:15:00 AM,2,0
55984749,100010017,01/01/2024 07:30:00 AM,1,0
55984750,100010017,01/01/2024 07:45:00 AM,3,0
55984751,100010017,01/01/2024 08:00:00 AM,11,0
55984752,100010017,01/01/2024 08:15:00 AM,7,0
55984753,100010017,01/01/2024 08:30:00 AM,0,0
55984754,100010017,01/01/2024 08:45:00 AM,9,0
55984755,100010017,01/01/2024 09:00:00 AM,1,0
55984756,100010017,01/01/2024 09:15:00 AM,3,0
55984757,100010017,01/01/2024 09:30:00 AM,0,0
55984758,100010017,01/01/2024 09:45:00 AM,4,0
55984759,100010017,01/01/2024 10:00:00 AM,0,0
55984760,100010017,01/01/2024 10:15:00 AM,7,0
55984761,100010017,01/01/2024 10:30:00 AM,1,0
55984762,100010017,01/01/2024 10:45:00 AM,7,0
55984763,100010017,01/01/2024 11:00:00 AM,2,0
55984764,100010017,01/01/2024 11:15:00 AM,4,0
55984765,100010017,01/01/2024 11:30:00 AM,1,0
55984766,100010017,01/01/2024 11:45:00 AM,2,0
55984767,100010017,01/01/2024 12:00:00 PM,0,0
55984768,100010017,01/01/2024 12:15:00 PM,3,0
55984769,100010017,01/01/2024 12:30:00 PM,5,0
55984770,100010017,01/01/2024 12:45:00 PM,5,0
55984771,100010017,01/01/2024 01:00:00 PM,1,0
55984772,100010017,01/01/2024 01:15:00 PM,2,0
55984773,100010017,01/01/2024 01:30:00 PM,2,0
55984774,100010017,01/01/2024 01:45:00 PM,4,0
55984775,100010017,01/01/2024 02:00:00 PM,0,0
55984776,100010017,01/01/2024 02:15:00 PM,3,0
55984777,100010017,01/01/2024 02:30:00 PM,3,0
55984778,100010017,01/01/2024 02:45:00 PM,4,0
55984779,100010017,01/01/2024 03:00:00 PM,4,0
55984780,100010017,01/01/2024 03:15:00 PM,7,0
55984781,100010017,01/01/2024 03:30:00 PM,2,0
55984782,100010017,01/01/2024 03:45:00 PM,4,0
55984783,100010017,01/01/2024 04:00:00 PM,3,0
55984784,100010017,01/01/2024 04:15:00 PM,2,0
55984785,100010017,01/01/2024 04:30:00 PM,8,0
55984786,100010017,01/01/2024 04:45:00 PM,1,0
55984787,100010017,01/01/2024 05:00:00 PM,5,0
55984788,100010017,01/01/2024 05:15:00 PM,7,0
55984789,100010017,01/01/2024 05:30:00 PM,7,0
55984790,100010017,01/01/2024 05:45:00 PM,3,0
55984791,100010017,01/01/2024 06:00:00 PM,9,0
55984792,100010017,01/01/2024 06:15:00 PM,1,0
55984793,100010017,01/01/2024 06:30:00 PM,3,0
55984794,100010017,01/01/2024 06:45:00 PM,7,0
55984795,100010017,01/01/2024 07:00:00 PM,5,0
55984796,100010017,01/01/2024 07:15:00 PM,0,0
55984797,100010017,01/01/2024 07:30:00 PM,1,0
55984798,100010017,01/01/2024 07:45:00 PM,6,0
55984799,100010017,01/01/2024 08:00:00 PM,0,0
55984800,100010017,01/01/2024 08:15:00 PM,1,0
55984801,100010017,01/01/2024 08:30:00 PM,12,0
55984802,100010017,01/01/2024 08:45:00 PM,2,0
55984803,100010017,01/01/2024 09:00:00 PM,2,0
55984804,100010017,01/01/2024 09:15:00 PM,0,0
55984805,100010017,01/01/2024 09:30:00 PM,7,0
55984806,100010017,01/01/2024 09:45:00 PM,0,0
55984807,100010017,01/01/2024 10:00:00 PM,11,0
55984808,100010017,01/01/2024 10:15:00 PM,0,0
55984809,100010017,01/01/2024 10:30:00 PM,15,0
55984810,100010017,01/01/2024 10:45:00 PM,4,0
55984811,100010017,01/01/2024 11:00:00 PM,7,0
55984812,100010017,01/01/2024 11:15:00 PM,45,0
55984813,100010017,01/01/2024 11:30:00 PM,5,0
55984814,100010017,01/01/2024 11:45:00 PM,0,0
55984825,100010018,01/01/2024 12:00:00 AM,4,0
55984826,100010018,01/01/2024 12:15:00 AM,10,0
55984827,100010018,01/01/2024 12:30:00 AM,6,0
55984828,100010018,01/01/2024 12:45:00 AM,5,0
55984829,100010018,01/01/2024 01:00:00 AM,11,0
55984830,100010018,01/01/2024 01:15:00 AM,8,0
55984831,100010018,01/01/2024 01:30:00 AM,6,0
55984832,100010018,01/01/2024 01:45:00 AM,9,0
55984833,100010018,01/01/2024 02:00:00 AM,5,0
55984834,100010018,01/01/2024 02:15:00 AM,3,0
55984835,100010018,01/01/2024 02:30:00 AM,11,0
55984836,100010018,01/01/2024 02:45:00 AM,9,0
55984837,100010018,01/01/2024 03:00:00 AM,11,0
55984838,100010018,01/01/2024 03:15:00 AM,4,0
55984839,100010018,01/01/2024 03:30:00 AM,3,0
55984840,100010018,01/01/2024 03:45:00 AM,1,0
55984841,100010018,01/01/2024 04:00:00 AM,5,0
55984842,100010018,01/01/2024 04:15:00 AM,4,0
55984843,100010018,01/01/2024 04:30:00 AM,4,0
55984844,100010018,01/01/2024 04:45:00 AM,6,0
55984845,100010018,01/01/2024 05:00:00 AM,2,0
55984846,100010018,01/01/2024 05:15:00 AM,1,0
55984847,100010018,01/01/2024 05:30:00 AM,5,0
55984848,100010018,01/01/2024 05:45:00 AM,1,0
55984849,100010018,01/01/2024 06:00:00 AM,1,0
55984850,100010018,01/01/2024 06:15:00 AM,8,0
55984851,100010018,01/01/2024 06:30:00 AM,5,0
55984852,100010018,01/01/2024 06:45:00 AM,7,0
55984853,100010018,01/01/2024 07:00:00 AM,3,0
55984854,100010018,01/01/2024 07:15:00 AM,1,0
55984855,100010018,01/01/2024 07:30:00 AM,2,0
55984856,100010018,01/01/2024 07:45:00 AM,7,0
55984857,100010018,01/01/2024 08:00:00 AM,2,0
55984858,100010018,01/01/2024 08:15:00 AM,0,0
55984859,100010018,01/01/2024 08:30:00 AM,1,0
55984860,100010018,01/01/2024 08:45:00 AM,4,0
55984861,100010018,01/01/2024 09:00:00 AM,2,0
55984862,100010018,01/01/2024 09:15:00 AM,3,0
55984863,100010018,01/01/2024 09:30:00 AM,8,0
55984864,100010018,01/01/2024 09:45:00 AM,6,0
55984865,100010018,01/01/2024 10:00:00 AM,4,0
55984866,100010018,01/01/2024 10:15:00 AM,10,0
55984867,100010018,01/01/2024 10:30:00 AM,8,0
55984868,100010018,01/01/2024 10:45:00 AM,6,0
55984869,100010018,01/01/2024 11:00:00 AM,8,0
55984870,100010018,01/01/2024 11:15:00 AM,11,0
55984871,100010018,01/01/2024 11:30:00 AM,20,0
55984872,100010018,01/01/2024 11:45:00 AM,16,0
55984873,100010018,01/01/2024 12:00:00 PM,8,0
55984874,100010018,01/01/2024 12:15:00 PM,17,0
55984875,100010018,01/01/2024 12:30:00 PM,14,0
55984876,100010018,01/01/2024 12:45:00 PM,18,0
55984877,100010018,01/01/2024 01:00:00 PM,27,0
55984878,100010018,01/01/2024 01:15:00 PM,18,0
55984879,100010018,01/01/2024 01:30:00 PM,21,0
55984880,100010018,01/01/2024 01:45:00 PM,25,0
55984881,100010018,01/01/2024 02:00:00 PM,35,0
55984882,100010018,01/01/2024 02:15:00 PM,21,0
55984883,100010018,01/01/2024 02:30:00 PM,23,0
55984884,100010018,01/01/2024 02:45:00 PM,23,0
55984885,100010018,01/01/2024 03:00:00 PM,18,0
55984886,100010018,01/01/2024 03:15:00 PM,26,0
55984887,100010018,01/01/2024 03:30:00 PM,21,0
55984888,100010018,01/01/2024 03:45:00 PM,24,0
55984889,100010018,01/01/2024 04:00:00 PM,27,0
55984890,100010018,01/01/2024 04:15:00 PM,15,0
55984891,100010018,01/01/2024 04:30:00 PM,28,0
55984892,100010018,01/01/2024 04:45:00 PM,22,0
55984893,100010018,01/01/2024 05:00:00 PM,10,0
55984894,100010018,01/01/2024 05:15:00 PM,14,0
55984895,100010018,01/01/2024 05:30:00 PM,23,0
55984896,100010018,01/01/2024 05:45:00 PM,17,0
55984897,100010018,01/01/2024 06:00:00 PM,15,0
55984898,100010018,01/01/2024 06:15:00 PM,18,0
55984899,100010018,01/01/2024 06:30:00 PM,8,0
55984900,100010018,01/01/2024 06:45:00 PM,10,0
55984901,100010018,01/01/2024 07:00:00 PM,9,0
55984902,100010018,01/01/2024 07:15:00 PM,11,0
55984903,100010018,01/01/2024 07:30:00 PM,11,0
55984904,100010018,01/01/2024 07:45:00 PM,18,0
55984905,100010018,01/01/2024 08:00:00 PM,14,0
55984906,100010018,01/01/2024 08:15:00 PM,10,0
55984907,100010018,01/01/2024 08:30:00 PM,9,0
55984908,100010018,01/01/2024 08:45:00 PM,10,0
55984909,100010018,01/01/2024 09:00:00 PM,18,0
55984910,100010018,01/01/2024 09:15:00 PM,12,0
55984911,100010018,01/01/2024 09:30:00 PM,5,0
55984912,100010018,01/01/2024 09:45:00 PM,17,0
55984913,100010018,01/01/2024 10:00:00 PM,4,0
55984914,100010018,01/01/2024 10:15:00 PM,10,0
55984915,100010018,01/01/2024 10:30:00 PM,8,0
55984916,100010018,01/01/2024 10:45:00 PM,5,0
55984917,100010018,01/01/2024 11:00:00 PM,6,0
55984918,100010018,01/01/2024 11:15:00 PM,7,0
55984919,100010018,01/01/2024 11:30:00 PM,7,0
55984920,100010018,01/01/2024 11:45:00 PM,3,0
55984931,100010019,01/01/2024 12:00:00 AM,6,0
55984932,100010019,01/01/2024 12:15:00 AM,13,0
55984933,100010019,01/01/2024 12:30:00 AM,15,0
55984934,100010019,01/01/2024 12:45:00 AM,12,0
55984935,100010019,01/01/2024 01:00:00 AM,6,0
55984936,100010019,01/01/2024 01:15:00 AM,19,0
55984937,100010019,01/01/2024 01:30:00 AM,7,0
55984938,100010019,01/01/2024 01:45:00 AM,8,0
55984939,100010019,01/01/2024 02:00:00 AM,8,0
55984940,100010019,01/01/2024 02:15:00 AM,8,0
55984941,100010019,01/01/2024 02:30:00 AM,9,0
55984942,100010019,01/01/2024 02:45:00 AM,6,0
55984943,100010019,01/01/2024 03:00:00 AM,7,0
55984944,100010019,01/01/2024 03:15:00 AM,3,0
55984945,100010019,01/01/2024 03:30:00 AM,7,0
55984946,100010019,01/01/2024 03:45:00 AM,6,0
55984947,100010019,01/01/2024 04:00:00 AM,4,0
55984948,100010019,01/01/2024 04:15:00 AM,5,0
55984949,100010019,01/01/2024 04:30:00 AM,2,0
55984950,100010019,01/01/2024 04:45:00 AM,3,0
55984951,100010019,01/01/2024 05:00:00 AM,2,0
55984952,100010019,01/01/2024 05:15:00 AM,0,0
55984953,100010019,01/01/2024 05:30:00 AM,1,0
55984954,100010019,01/01/2024 05:45:00 AM,4,0
55984955,100010019,01/01/2024 06:00:00 AM,1,0
55984956,100010019,01/01/2024 06:15:00 AM,2,0
55984957,100010019,01/01/2024 06:30:00 AM,2,0
55984958,100010019,01/01/2024 06:45:00 AM,1,0
55984959,100010019,01/01/2024 07:00:00 AM,1,0
55984960,100010019,01/01/2024 07:15:00 AM,1,0
55984961,100010019,01/01/2024 07:30:00 AM,2,0
55984962,100010019,01/01/2024 07:45:00 AM,4,0
55984963,100010019,01/01/2024 08:00:00 AM,1,0
55984964,100010019,01/01/2024 08:15:00 AM,2,0
55984965,100010019,01/01/2024 08:30:00 AM,4,0
55984966,100010019,01/01/2024 08:45:00 AM,2,0
55984967,100010019,01/01/2024 09:00:00 AM,4,0
55984968,100010019,01/01/2024 09:15:00 AM,7,0
55984969,100010019,01/01/2024 09:30:00 AM,5,0
55984970,100010019,01/01/2024 09:45:00 AM,7,0
55984971,100010019,01/01/2024 10:00:00 AM,9,0
55984972,100010019,01/01/2024 10:15:00 AM,7,0
55984973,100010019,01/01/2024 10:30:00 AM,6,0
55984974,100010019,01/01/2024 10:45:00 AM,16,0
55984975,100010019,01/01/2024 11:00:00 AM,11,0
55984976,100010019,01/01/2024 11:15:00 AM,15,0
55984977,100010019,01/01/2024 11:30:00 AM,16,0
55984978,100010019,01/01/2024 11:45:00 AM,18,0
55984979,100010019,01/01/2024 12:00:00 PM,29,0
55984980,100010019,01/01/2024 12:15:00 PM,26,0
55984981,100010019,01/01/2024 12:30:00 PM,29,0
55984982,100010019,01/01/2024 12:45:00 PM,26,0
55984983,100010019,01/01/2024 01:00:00 PM,24,0
55984984,100010019,01/01/2024 01:15:00 PM,21,0
55984985,100010019,01/01/2024 01:30:00 PM,23,0
55984986,100010019,01/01/2024 01:45:00 PM,24,0
55984987,100010019,01/01/2024 02:00:00 PM,33,0
55984988,100010019,01/01/2024 02:15:00 PM,44,0
55984989,100010019,01/01/2024 02:30:00 PM,36,0
55984990,100010019,01/01/2024 02:45:00 PM,27,0
55984991,100010019,01/01/2024 03:00:00 PM,31,0
55984992,100010019,01/01/2024 03:15:00 PM,28,0
55984993,100010019,01/01/2024 03:30:00 PM,37,0
55984994,100010019,01/01/2024 03:45:00 PM,34,0
55984995,100010019,01/01/2024 04:00:00 PM,30,0
55984996,100010019,01/01/2024 04:15:00 PM,24,0
55984997,100010019,01/01/2024 04:30:00 PM,21,0
55984998,100010019,01/01/2024 04:45:00 PM,19,0
55984999,100010019,01/01/2024 05:00:00 PM,35,0
55985000,100010019,01/01/2024 05:15:00 PM,35,0
55985001,100010019,01/01/2024 05:30:00 PM,15,0
55985002,100010019,01/01/2024 05:45:00 PM,23,0
55985003,100010019,01/01/2024 06:00:00 PM,23,0
55985004,100010019,01/01/2024 06:15:00 PM,14,0
55985005,100010019,01/01/2024 06:30:00 PM,22,0
55985006,100010019,01/01/2024 06:45:00 PM,19,0
55985007,100010019,01/01/2024 07:00:00 PM,16,0
55985008,100010019,01/01/2024 07:15:00 PM,27,0
55985009,100010019,01/01/2024 07:30:00 PM,17,0
55985010,100010019,01/01/2024 07:45:00 PM,9,0
55985011,100010019,01/01/2024 08:00:00 PM,16,0
55985012,100010019,01/01/2024 08:15:00 PM,15,0
55985013,100010019,01/01/2024 08:30:00 PM,9,0
55985014,100010019,01/01/2024 08:45:00 PM,14,0
55985015,100010019,01/01/2024 09:00:00 PM,9,0
55985016,100010019,01/01/2024 09:15:00 PM,5,0
55985017,100010019,01/01/2024 09:30:00 PM,9,0
55985018,100010019,01/01/2024 09:45:00 PM,10,0
55985019,100010019,01/01/2024 10:00:00 PM,3,0
55985020,100010019,01/01/2024 10:15:00 PM,5,0
55985021,100010019,01/01/2024 10:30:00 PM,5,0
55985022,100010019,01/01/2024 10:45:00 PM,6,0
55985023,100010019,01/01/2024 11:00:00 PM,5,0
55985024,100010019,01/01/2024 11:15:00 PM,4,0
55985025,100010019,01/01/2024 11:30:00 PM,8,0
55985026,100010019,01/01/2024 11:45:00 PM,3,0
55985038,100010022,01/01/2024 12:00:00 AM,1,0
55985039,100010022,01/01/2024 12:15:00 AM,1,0
55985040,100010022,01/01/2024 12:30:00 AM,0,0
55985041,100010022,01/01/2024 12:45:00 AM,0,0
55985042,100010022,01/01/2024 01:00:00 AM,0,0
55985043,100010022,01/01/2024 01:15:00 AM,0,0
55985044,100010022,01/01/2024 01:30:00 AM,0,0
55985045,100010022,01/01/2024 01:45:00 AM,2,0
55985046,100010022,01/01/2024 02:00:00 AM,1,0
55985047,100010022,01/01/2024 02:15:00 AM,0,0
55985048,100010022,01/01/2024 02:30:00 AM,0,0
55985049,100010022,01/01/2024 02:45:00 AM,0,0
55985050,100010022,01/01/2024 03:00:00 AM,0,0
55985051,100010022,01/01/2024 03:15:00 AM,0,0
55985052,100010022,01/01/2024 03:30:00 AM,0,0
55985053,100010022,01/01/2024 03:45:00 AM,0,0
55985054,100010022,01/01/2024 04:00:00 AM,0,0
55985055,100010022,01/01/2024 04:15:00 AM,0,0
55985056,100010022,01/01/2024 04:30:00 AM,0,0
55985057,100010022,01/01/2024 04:45:00 AM,0,0
55985058,100010022,01/01/2024 05:00:00 AM,0,0
55985059,100010022,01/01/2024 05:15:00 AM,0,0
55985060,100010022,01/01/2024 05:30:00 AM,0,0
55985061,100010022,01/01/2024 05:45:00 AM,0,0
55985062,100010022,01/01/2024 06:00:00 AM,0,0
55985063,100010022,01/01/2024 06:15:00 AM,0,0
55985064,100010022,01/01/2024 06:30:00 AM,0,0
55985065,100010022,01/01/2024 06:45:00 AM,0,0
55985066,100010022,01/01/2024 07:00:00 AM,0,0
55985067,100010022,01/01/2024 07:15:00 AM,0,0
55985068,100010022,01/01/2024 07:30:00 AM,0,0
55985069,100010022,01/01/2024 07:45:00 AM,0,0
55985070,100010022,01/01/2024 08:00:00 AM,0,0
55985071,100010022,01/01/2024 08:15:00 AM,0,0
55985072,100010022,01/01/2024 08:30:00 AM,0,0
55985073,100010022,01/01/2024 08:45:00 AM,0,0
55985074,100010022,01/01/2024 09:00:00 AM,0,0
55985075,100010022,01/01/2024 09:15:00 AM,0,0
55985076,100010022,01/01/2024 09:30:00 AM,0,0
55985077,100010022,01/01/2024 09:45:00 AM,0,0
55985078,100010022,01/01/2024 10:00:00 AM,0,0
55985079,100010022,01/01/2024 10:15:00 AM,0,0
55985080,100010022,01/01/2024 10:30:00 AM,0,0
55985081,100010022,01/01/2024 10:45:00 AM,1,0
55985082,100010022,01/01/2024 11:00:00 AM,0,0
55985083,100010022,01/01/2024 11:15:00 AM,0,0
55985084,100010022,01/01/2024 11:30:00 AM,0,0
55985085,100010022,01/01/2024 11:45:00 AM,0,0
55985086,100010022,01/01/2024 12:00:00 PM,0,0
55985087,100010022,01/01/2024 12:15:00 PM,2,0
55985088,100010022,01/01/2024 12:30:00 PM,1,0
55985089,100010022,01/01/2024 12:45:00 PM,0,0
55985090,100010022,01/01/2024 01:00:00 PM,1,0
55985091,100010022,01/01/2024 01:15:00 PM,3,0
55985092,100010022,01/01/2024 01:30:00 PM,0,0
55985093,100010022,01/01/2024 01:45:00 PM,0,0
55985094,100010022,01/01/2024 02:00:00 PM,1,0
55985095,100010022,01/01/2024 02:15:00 PM,0,0
55985096,100010022,01/01/2024 02:30:00 PM,0,0
55985097,100010022,01/01/2024 02:45:00 PM,0,0
55985098,100010022,01/01/2024 03:00:00 PM,0,0
55985099,100010022,01/01/2024 03:15:00 PM,2,0
55985100,100010022,01/01/2024 03:30:00 PM,0,0
55985101,100010022,01/01/2024 03:45:00 PM,0,0
55985102,100010022,01/01/2024 04:00:00 PM,0,0
55985103,100010022,01/01/2024 04:15:00 PM,0,0
55985104,100010022,01/01/2024 04:30:00 PM,0,0
55985105,100010022,01/01/2024 04:45:00 PM,0,0
55985106,100010022,01/01/2024 05:00:00 PM,1,0
55985107,100010022,01/01/2024 05:15:00 PM,0,0
55985108,100010022,01/01/2024 05:30:00 PM,1,0
55985109,100010022,01/01/2024 05:45:00 PM,4,0
55985110,100010022,01/01/2024 06:00:00 PM,1,0
55985111,100010022,01/01/2024 06:15:00 PM,0,0
55985112,100010022,01/01/2024 06:30:00 PM,2,0
55985113,100010022,01/01/2024 06:45:00 PM,0,0
55985114,100010022,01/01/2024 07:00:00 PM,0,0
55985115,100010022,01/01/2024 07:15:00 PM,1,0
55985116,100010022,01/01/2024 07:30:00 PM,1,0
55985117,100010022,01/01/2024 07:45:00 PM,0,0
55985118,100010022,01/01/2024 08:00:00 PM,0,0
55985119,100010022,01/01/2024 08:15:00 PM,0,0
55985120,100010022,01/01/2024 08:30:00 PM,1,0
55985121,100010022,01/01/2024 08:45:00 PM,0,0
55985122,100010022,01/01/2024 09:00:00 PM,1,0
55985123,100010022,01/01/2024 09:15:00 PM,1,0
55985124,100010022,01/01/2024 09:30:00 PM,1,0
55985125,100010022,01/01/2024 09:45:00 PM,0,0
55985126,100010022,01/01/2024 10:00:00 PM,1,0
55985127,100010022,01/01/2024 10:15:00 PM,0,0
55985128,100010022,01/01/2024 10:30:00 PM,0,0
55985129,100010022,01/01/2024 10:45:00 PM,0,0
55985130,100010022,01/01/2024 11:00:00 PM,0,0
55985131,100010022,01/01/2024 11:15:00 PM,0,0
55985132,100010022,01/01/2024 11:30:00 PM,0,0
55985133,100010022,01/01/2024 11:45:00 PM,0,0
55985136,100047029,01/01/2024 12:00:00 AM,13,0
55985137,100047029,01/01/2024 12:15:00 AM,14,0
55985138,100047029,01/01/2024 12:30:00 AM,14,0
55985139,100047029,01/01/2024 12:45:00 AM,14,0
55985140,100047029,01/01/2024 01:00:00 AM,8,0
55985141,100047029,01/01/2024 01:15:00 AM,17,0
55985142,100047029,01/01/2024 01:30:00 AM,14,0
55985143,100047029,01/01/2024 01:45:00 AM,9,0
55985144,100047029,01/01/2024 02:00:00 AM,15,0
55985145,100047029,01/01/2024 02:15:00 AM,3,0
55985146,100047029,01/01/2024 02:30:00 AM,8,0
55985147,100047029,01/01/2024 02:45:00 AM,34,0
55985148,100047029,01/01/2024 03:00:00 AM,29,0
55985149,100047029,01/01/2024 03:15:00 AM,8,0
55985150,100047029,01/01/2024 03:30:00 AM,9,0
55985151,100047029,01/01/2024 03:45:00 AM,12,0
55985152,100047029,01/01/2024 04:00:00 AM,8,0
55985153,100047029,01/01/2024 04:15:00 AM,8,0
55985154,100047029,01/01/2024 04:30:00 AM,5,0
55985155,100047029,01/01/2024 04:45:00 AM,8,0
55985156,100047029,01/01/2024 05:00:00 AM,8,0
55985157,100047029,01/01/2024 05:15:00 AM,8,0
55985158,100047029,01/01/2024 05:30:00 AM,2,0
55985159,100047029,01/01/2024 05:45:00 AM,4,0
55985160,100047029,01/01/2024 06:00:00 AM,4,0
55985161,100047029,01/01/2024 06:15:00 AM,6,0
55985162,100047029,01/01/2024 06:30:00 AM,6,0
55985163,100047029,01/01/2024 06:45:00 AM,8,0
55985164,100047029,01/01/2024 07:00:00 AM,3,0
55985165,100047029,01/01/2024 07:15:00 AM,3,0
55985166,100047029,01/01/2024 07:30:00 AM,14,0
55985167,100047029,01/01/2024 07:45:00 AM,9,0
55985168,100047029,01/01/2024 08:00:00 AM,3,0
55985169,100047029,01/01/2024 08:15:00 AM,3,0
55985170,100047029,01/01/2024 08:30:00 AM,6,0
55985171,100047029,01/01/2024 08:45:00 AM,11,0
55985172,100047029,01/01/2024 09:00:00 AM,9,0
55985173,100047029,01/01/2024 09:15:00 AM,5,0
55985174,100047029,01/01/2024 09:30:00 AM,8,0
55985175,100047029,01/01/2024 09:45:00 AM,12,0
55985176,100047029,01/01/2024 10:00:00 AM,19,0
55985177,100047029,01/01/2024 10:15:00 AM,27,0
55985178,100047029,01/01/2024 10:30:00 AM,31,0
55985179,100047029,01/01/2024 10:45:00 AM,40,0
55985180,100047029,01/01/2024 11:00:00 AM,31,0
55985181,100047029,01/01/2024 11:15:00 AM,31,0
55985182,100047029,01/01/2024 11:30:00 AM,24,0
55985183,100047029,01/01/2024 11:45:00 AM,32,0
55985184,100047029,01/01/2024 12:00:00 PM,28,0
55985185,100047029,01/01/2024 12:15:00 PM,19,0
55985186,100047029,01/01/2024 12:30:00 PM,30,0
55985187,100047029,01/01/2024 12:45:00 PM,31,0
55985188,100047029,01/01/2024 01:00:00 PM,28,0
55985189,100047029,01/01/2024 01:15:00 PM,45,0
55985190,100047029,01/01/2024 01:30:00 PM,30,0
55985191,100047029,01/01/2024 01:45:00 PM,33,0
55985192,100047029,01/01/2024 02:00:00 PM,44,0
55985193,100047029,01/01/2024 02:15:00 PM,37,0
55985194,100047029,01/01/2024 02:30:00 PM,37,0
55985195,100047029,01/01/2024 02:45:00 PM,38,0
55985196,100047029,01/01/2024 03:00:00 PM,34,0
55985197,100047029,01/01/2024 03:15:00 PM,45,0
55985198,100047029,01/01/2024 03:30:00 PM,50,0
55985199,100047029,01/01/2024 03:45:00 PM,35,0
55985200,100047029,01/01/2024 04:00:00 PM,44,0
55985201,100047029,01/01/2024 04:15:00 PM,30,0
55985202,100047029,01/01/2024 04:30:00 PM,38,0
55985203,100047029,01/01/2024 04:45:00 PM,25,0
55985204,100047029,01/01/2024 05:00:00 PM,32,0
55985205,100047029,01/01/2024 05:15:00 PM,17,0
55985206,100047029,01/01/2024 05:30:00 PM,32,0
55985207,100047029,01/01/2024 05:45:00 PM,36,0
55985208,100047029,01/01/2024 06:00:00 PM,32,0
55985209,100047029,01/01/2024 06:15:00 PM,27,0
55985210,100047029,01/01/2024 06:30:00 PM,24,0
55985211,100047029,01/01/2024 06:45:00 PM,15,0
55985212,100047029,01/01/2024 07:00:00 PM,19,0
55985213,100047029,01/01/2024 07:15:00 PM,18,0
55985214,100047029,01/01/2024 07:30:00 PM,26,0
55985215,100047029,01/01/2024 07:45:00 PM,18,0
55985216,100047029,01/01/2024 08:00:00 PM,16,0
55985217,100047029,01/01/2024 08:15:00 PM,23,0
55985218,100047029,01/01/2024 08:30:00 PM,21,0
55985219,100047029,01/01/2024 08:45:00 PM,16,0
55985220,100047029,01/01/2024 09:00:00 PM,28,0
55985221,100047029,01/01/2024 09:15:00 PM,16,0
55985222,100047029,01/01/2024 09:30:00 PM,22,0
55985223,100047029,01/01/2024 09:45:00 PM,28,0
55985224,100047029,01/01/2024 10:00:00 PM,23,0
55985225,100047029,01/01/2024 10:15:00 PM,21,0
55985226,100047029,01/01/2024 10:30:00 PM,25,0
55985227,100047029,01/01/2024 10:45:00 PM,19,0
55985228,100047029,01/01/2024 11:00:00 PM,12,0
55985229,100047029,01/01/2024 11:15:00 PM,19,0
55985230,100047029,01/01/2024 11:30:00 PM,13,0
55985231,100047029,01/01/2024 11:45:00 PM,11,0
56149996,100057316,01/01/2024 12:00:00 AM,7,0
56149997,100057316,01/01/2024 12:15:00 AM,0,0
56149998,100057316,01/01/2024 12:30:00 AM,7,0
56149999,100057316,01/01/2024 12:45:00 AM,2,0
56150000,100057316,01/01/2024 01:00:00 AM,2,0
56150001,100057316,01/01/2024 01:15:00 AM,5,0
56150002,100057316,01/01/2024 01:30:00 AM,7,0
56150003,100057316,01/01/2024 01:45:00 AM,3,0
56150004,100057316,01/01/2024 02:00:00 AM,4,0
56150005,100057316,01/01/2024 02:15:00 AM,8,0
56150006,100057316,01/01/2024 02:30:00 AM,9,0
56150007,100057316,01/01/2024 02:45:00 AM,7,0
56150008,100057316,01/01/2024 03:00:00 AM,9,0
56150009,100057316,01/01/2024 03:15:00 AM,2,0
56150010,100057316,01/01/2024 03:30:00 AM,5,0
56150011,100057316,01/01/2024 03:45:00 AM,4,0
56150012,100057316,01/01/2024 04:00:00 AM,8,0
56150013,100057316,01/01/2024 04:15:00 AM,7,0
56150014,100057316,01/01/2024 04:30:00 AM,4,0
56150015,100057316,01/01/2024 04:45:00 AM,6,0
56150016,100057316,01/01/2024 05:00:00 AM,1,0
56150017,100057316,01/01/2024 05:15:00 AM,4,0
56150018,100057316,01/01/2024 05:30:00 AM,2,0
56150019,100057316,01/01/2024 05:45:00 AM,2,0
56150020,100057316,01/01/2024 06:00:00 AM,2,0
56150021,100057316,01/01/2024 06:15:00 AM,5,0
56150022,100057316,01/01/2024 06:30:00 AM,3,0
56150023,100057316,01/01/2024 06:45:00 AM,1,0
56150024,100057316,01/01/2024 07:00:00 AM,2,0
56150025,100057316,01/01/2024 07:15:00 AM,4,0
56150026,100057316,01/01/2024 07:30:00 AM,5,0
56150027,100057316,01/01/2024 07:45:00 AM,3,0
56150028,100057316,01/01/2024 08:00:00 AM,3,0
56150029,100057316,01/01/2024 08:15:00 AM,1,0
56150030,100057316,01/01/2024 08:30:00 AM,3,0
56150031,100057316,01/01/2024 08:45:00 AM,9,0
56150032,100057316,01/01/2024 09:00:00 AM,7,0
56150033,100057316,01/01/2024 09:15:00 AM,4,0
56150034,100057316,01/01/2024 09:30:00 AM,7,0
56150035,100057316,01/01/2024 09:45:00 AM,10,0
56150036,100057316,01/01/2024 10:00:00 AM,8,0
56150037,100057316,01/01/2024 10:15:00 AM,8,0
56150038,100057316,01/01/2024 10:30:00 AM,6,0
56150039,100057316,01/01/2024 10:45:00 AM,15,0
56150040,100057316,01/01/2024 11:00:00 AM,18,0
56150041,100057316,01/01/2024 11:15:00 AM,11,0
56150042,100057316,01/01/2024 11:30:00 AM,13,0
56150043,100057316,01/01/2024 11:45:00 AM,24,0
56150044,100057316,01/01/2024 12:00:00 PM,15,0
56150045,100057316,01/01/2024 12:15:00 PM,27,0
56150046,100057316,01/01/2024 12:30:00 PM,19,0
56150047,100057316,01/01/2024 12:45:00 PM,16,0
56150048,100057316,01/01/2024 01:00:00 PM,10,0
56150049,100057316,01/01/2024 01:15:00 PM,19,0
56150050,100057316,01/01/2024 01:30:00 PM,17,0
56150051,100057316,01/01/2024 01:45:00 PM,26,0
56150052,100057316,01/01/2024 02:00:00 PM,21,0
56150053,100057316,01/01/2024 02:15:00 PM,27,0
56150054,100057316,01/01/2024 02:30:00 PM,22,0
56150055,100057316,01/01/2024 02:45:00 PM,22,0
56150056,100057316,01/01/2024 03:00:00 PM,29,0
56150057,100057316,01/01/2024 03:15:00 PM,28,0
56150058,100057316,01/01/2024 03:30:00 PM,31,0
56150059,100057316,01/01/2024 03:45:00 PM,18,0
56150060,100057316,01/01/2024 04:00:00 PM,33,0
56150061,100057316,01/01/2024 04:15:00 PM,15,0
56150062,100057316,01/01/2024 04:30:00 PM,35,0
56150063,100057316,01/01/2024 04:45:00 PM,22,0
56150064,100057316,01/01/2024 05:00:00 PM,26,0
56150065,100057316,01/01/2024 05:15:00 PM,23,0
56150066,100057316,01/01/2024 05:30:00 PM,20,0
56150067,100057316,01/01/2024 05:45:00 PM,23,0
56150068,100057316,01/01/2024 06:00:00 PM,29,0
56150069,100057316,01/01/2024 06:15:00 PM,26,0
56150070,100057316,01/01/2024 06:30:00 PM,26,0
56150071,100057316,01/01/2024 06:45:00 PM,24,0
56150072,100057316,01/01/2024 07:00:00 PM,25,0
56150073,100057316,01/01/2024 07:15:00 PM,35,0
56150074,100057316,01/01/2024 07:30:00 PM,38,0
56150075,100057316,01/01/2024 07:45:00 PM,24,0
56150076,100057316,01/01/2024 08:00:00 PM,25,0
56150077,100057316,01/01/2024 08:15:00 PM,32,0
56150078,100057316,01/01/2024 08:30:00 PM,25,0
56150079,100057316,01/01/2024 08:45:00 PM,29,0
56150080,100057316,01/01/2024 09:00:00 PM,32,0
56150081,100057316,01/01/2024 09:15:00 PM,16,0
56150082,100057316,01/01/2024 09:30:00 PM,20,0
56150083,100057316,01/01/2024 09:45:00 PM,24,0
56150084,100057316,01/01/2024 10:00:00 PM,16,0
56150085,100057316,01/01/2024 10:15:00 PM,13,0
56150086,100057316,01/01/2024 10:30:00 PM,18,0
56150087,100057316,01/01/2024 10:45:00 PM,13,0
56150088,100057316,01/01/2024 11:00:00 PM,16,0
56150089,100057316,01/01/2024 11:15:00 PM,17,0
56150090,100057316,01/01/2024 11:30:00 PM,15,0
56150091,100057316,01/01/2024 11:45:00 PM,6,0
56150116,100057319,01/01/2024 12:00:00 AM,12,0
56150117,100057319,01/01/2024 12:15:00 AM,8,0
56150118,100057319,01/01/2024 12:30:00 AM,13,0
56150119,100057319,01/01/2024 12:45:00 AM,18,0
56150120,100057319,01/01/2024 01:00:00 AM,14,0
56150121,100057319,01/01/2024 01:15:00 AM,12,0
56150122,100057319,01/01/2024 01:30:00 AM,8,0
56150123,100057319,01/01/2024 01:45:00 AM,3,0
56150124,100057319,01/01/2024 02:00:00 AM,6,0
56150125,100057319,01/01/2024 02:15:00 AM,4,0
56150126,100057319,01/01/2024 02:30:00 AM,7,0
56150127,100057319,01/01/2024 02:45:00 AM,5,0
56150128,100057319,01/01/2024 03:00:00 AM,5,0
56150129,100057319,01/01/2024 03:15:00 AM,2,0
56150130,100057319,01/01/2024 03:30:00 AM,3,0
56150131,100057319,01/01/2024 03:45:00 AM,6,0
56150132,100057319,01/01/2024 04:00:00 AM,1,0
56150133,100057319,01/01/2024 04:15:00 AM,2,0
56150134,100057319,01/01/2024 04:30:00 AM,1,0
56150135,100057319,01/01/2024 04:45:00 AM,0,0
56150136,100057319,01/01/2024 05:00:00 AM,6,0
56150137,100057319,01/01/2024 05:15:00 AM,1,0
56150138,100057319,01/01/2024 05:30:00 AM,0,0
56150139,100057319,01/01/2024 05:45:00 AM,1,0
56150140,100057319,01/01/2024 06:00:00 AM,0,0
56150141,100057319,01/01/2024 06:15:00 AM,0,0
56150142,100057319,01/01/2024 06:30:00 AM,1,0
56150143,100057319,01/01/2024 06:45:00 AM,4,0
56150144,100057319,01/01/2024 07:00:00 AM,4,0
56150145,100057319,01/01/2024 07:15:00 AM,6,0
56150146,100057319,01/01/2024 07:30:00 AM,1,0
56150147,100057319,01/01/2024 07:45:00 AM,3,0
56150148,100057319,01/01/2024 08:00:00 AM,3,0
56150149,100057319,01/01/2024 08:15:00 AM,7,0
56150150,100057319,01/01/2024 08:30:00 AM,8,0
56150151,100057319,01/01/2024 08:45:00 AM,3,0
56150152,100057319,01/01/2024 09:00:00 AM,3,0
56150153,100057319,01/01/2024 09:15:00 AM,5,0
56150154,100057319,01/01/2024 09:30:00 AM,0,0
56150155,100057319,01/01/2024 09:45:00 AM,9,0
56150156,100057319,01/01/2024 10:00:00 AM,9,0
56150157,100057319,01/01/2024 10:15:00 AM,8,0
56150158,100057319,01/01/2024 10:30:00 AM,9,0
56150159,100057319,01/01/2024 10:45:00 AM,9,0
56150160,100057319,01/01/2024 11:00:00 AM,21,0
56150161,100057319,01/01/2024 11:15:00 AM,9,0
56150162,100057319,01/01/2024 11:30:00 AM,12,0
56150163,100057319,01/01/2024 11:45:00 AM,31,0
56150164,100057319,01/01/2024 12:00:00 PM,28,0
56150165,100057319,01/01/2024 12:15:00 PM,26,0
56150166,100057319,01/01/2024 12:30:00 PM,31,0
56150167,100057319,01/01/2024 12:45:00 PM,23,0
56150168,100057319,01/01/2024 01:00:00 PM,29,0
56150169,100057319,01/01/2024 01:15:00 PM,20,0
56150170,100057319,01/01/2024 01:30:00 PM,25,0
56150171,100057319,01/01/2024 01:45:00 PM,21,0
56150172,100057319,01/01/2024 02:00:00 PM,19,0
56150173,100057319,01/01/2024 02:15:00 PM,37,0
56150174,100057319,01/01/2024 02:30:00 PM,29,0
56150175,100057319,01/01/2024 02:45:00 PM,22,0
56150176,100057319,01/01/2024 03:00:00 PM,29,0
56150177,100057319,01/01/2024 03:15:00 PM,20,0
56150178,100057319,01/01/2024 03:30:00 PM,31,0
56150179,100057319,01/01/2024 03:45:00 PM,40,0
56150180,100057319,01/01/2024 04:00:00 PM,23,0
56150181,100057319,01/01/2024 04:15:00 PM,32,0
56150182,100057319,01/01/2024 04:30:00 PM,35,0
56150183,100057319,01/01/2024 04:45:00 PM,31,0
56150184,100057319,01/01/2024 05:00:00 PM,43,0
56150185,100057319,01/01/2024 05:15:00 PM,45,0
56150186,100057319,01/01/2024 05:30:00 PM,37,0
56150187,100057319,01/01/2024 05:45:00 PM,47,0
56150188,100057319,01/01/2024 06:00:00 PM,51,0
56150189,100057319,01/01/2024 06:15:00 PM,55,0
56150190,100057319,01/01/2024 06:30:00 PM,38,0
56150191,100057319,01/01/2024 06:45:00 PM,48,0
